Feature,MissingCount,MissingPercent
DriverCircuitAvgQualifyingPosition,10965,31.02189781021898
DriverCircuitAvgPositionGain,10921,30.897414134555532
DriverCircuitLastFinish,10768,30.46455044418039
DriverCircuitAvgFinish,10757,30.433429525264525
DriverCircuitBestFinish,10757,30.433429525264525
TeamCircuitAvgQualifyingPosition,10460,29.593164714536297
TeamCircuitAvgFinish,10261,29.030158999603916
Sector1Seconds_std5,3647,10.317999207831155
Sector1Seconds_mean5,3647,10.317999207831155
Sector1Seconds_trend5,3547,10.035081763141514
Sector1Seconds_lag4,3510,9.930402308606348
GapToCarAheadSeconds_std5,2279,6.447688564476886
GapToCarAheadSeconds_mean5,2279,6.447688564476886
GapToCarAheadSeconds_trend5,2224,6.292083969897584
GapToCarAheadSeconds_lag2,1942,5.4942567758728
GapToCarAheadSeconds_lag0,1941,5.491427601425904
GapToCarAheadSeconds_lag1,1941,5.491427601425904
GapToCarAheadSeconds_lag3,1940,5.488598426979008
GapToCarAheadSeconds_lag4,1937,5.480110903638318
GapToCarBehindSeconds_lag0,1797,5.084026481072823
GapToCarBehindSeconds_lag1,1793,5.072709783285237
GapToCarBehindSeconds_lag2,1780,5.0359305154755845
GapToCarBehindSeconds_lag3,1761,4.9821762009845525
DriverSeasonAvgPositionGain,1756,4.9680303287500704
DriverSeasonMedianFinish,1745,4.93690940983421
DriverSeasonBestFinish,1745,4.93690940983421
DriverSeasonAvgFinish,1745,4.93690940983421
DriverRecent3AvgFinish,1745,4.93690940983421
DriverSeasonDNFRate,1745,4.93690940983421
GapToCarBehindSeconds_lag4,1725,4.880325920896283
TeamSeasonDNFRate,1628,4.605895999547331
TeamSeasonAvgFinish,1628,4.605895999547331
TeamRecent3AvgFinish,1628,4.605895999547331
PaceToTeammateSeconds_std5,1385,3.918406608951508
PaceToFieldSeconds_mean5,1385,3.918406608951508
LapTimeSeconds_std5,1385,3.918406608951508
PaceToTeammateSeconds_mean5,1385,3.918406608951508
LapTimeSeconds_mean5,1385,3.918406608951508
PaceToFieldSeconds_std5,1385,3.918406608951508
QualifyingDeltaToPoleSeconds,1041,2.945170599219148
GridPosition,925,2.616986363379166
PaceToTeammateSeconds_lag3,671,1.8983760538674814
LapTimeSeconds_lag3,671,1.8983760538674814
PaceToFieldSeconds_lag3,671,1.8983760538674814
PaceToTeammateSeconds_lag2,669,1.8927177049736887
LapTimeSeconds_lag2,669,1.8927177049736887
PaceToFieldSeconds_lag2,669,1.8927177049736887
LapTimeSeconds_trend5,663,1.8757426582923102
PaceToTeammateSeconds_trend5,663,1.8757426582923102
PaceToFieldSeconds_trend5,663,1.8757426582923102
PaceToTeammateSeconds_lag1,632,1.7880382504385222
LapTimeSeconds_lag1,632,1.7880382504385222
PaceToFieldSeconds_lag1,632,1.7880382504385222
QualifyingPosition,479,1.3551745600633736
TyreLife_std5,478,1.352345385616477
TyreLife_mean5,478,1.352345385616477
TyreLife_trend5,477,1.3495162111695806
TyreLife_lag4,444,1.2561534544219997
PaceToFieldSeconds_lag0,391,1.1062072087364907
PaceToTeammateSeconds_lag0,391,1.1062072087364907
LapTimeSeconds_lag0,391,1.1062072087364907
PaceToFieldSeconds_lag4,323,0.9138233463475358
PaceToTeammateSeconds_lag4,323,0.9138233463475358
LapTimeSeconds_lag4,323,0.9138233463475358
TyreLife_lag3,203,0.5743224127199683
TyreLife_lag2,189,0.5347139704634187
TyreLife_lag1,189,0.5347139704634187
TyreLife_lag0,186,0.5262264471227296
TyreLife,186,0.5262264471227296
DRSActivePct_lag0,176,0.4979347026537656
DRSActivePct_lag2,175,0.49510552820686926
DRSActivePct_lag4,175,0.49510552820686926
DRSActivePct_lag3,175,0.49510552820686926
DRSActivePct_lag1,175,0.49510552820686926
Sector3Seconds_std5,162,0.4583262603972161
Sector3Seconds_mean5,162,0.4583262603972161
Sector1Seconds_lag2,118,0.33384258473377465
Sector1Seconds_lag3,82,0.23199230464550444
Sector2Seconds_std5,65,0.18389633904826572
Sector2Seconds_mean5,65,0.18389633904826572
Stint,60,0.16975046681378375
Sector3Seconds_trend5,58,0.16409211791999095
Sector1Seconds_lag1,48,0.135800373451027
Sector3Seconds_lag2,44,0.1244836756634414
Sector3Seconds_lag3,42,0.1188253267696486
Sector3Seconds_lag1,41,0.11599615232275222
Sector1Seconds_lag0,39,0.11033780342895944
Sector3Seconds_lag4,34,0.09619193119447744
Sector3Seconds_lag0,26,0.07355853561930628
Sector2Seconds_trend5,22,0.0622418378317207
Sector2Seconds_lag2,21,0.0594126633848243
Sector2Seconds_lag3,20,0.05658348893792791
Sector2Seconds_lag4,19,0.05375431449103152
Sector2Seconds_lag1,14,0.03960844225654954
Sector2Seconds_lag0,5,0.014145872234481978
Driver,0,0.0
DriverNumber,0,0.0
RaceProgress,0,0.0
Team,0,0.0
Circuit,0,0.0
TotalRaceLaps,0,0.0
LapNumber,0,0.0
Country,0,0.0
EventFormat,0,0.0
Position,0,0.0
PitThisLap,0,0.0
DriverCircuitStarts,0,0.0
TrackStatus,0,0.0
Position_lag3,0,0.0
Position_lag0,0,0.0
FreshTyre,0,0.0
Compound,0,0.0
SafetyCarThisLap,0,0.0
PitLapsLast5,0,0.0
SafetyCarLapsLast5,0,0.0
CompoundChangedLast5,0,0.0
GapToLeaderSeconds_lag1,0,0.0
GapToLeaderSeconds_lag2,0,0.0
GapToLeaderSeconds_lag3,0,0.0
GapToLeaderSeconds_lag4,0,0.0
GapToLeaderSeconds_lag0,0,0.0
Position_lag2,0,0.0
Position_lag1,0,0.0
Position_lag4,0,0.0
AirTemp_lag3,0,0.0
TrackTemp_lag1,0,0.0
TrackTemp_lag0,0,0.0
AirTemp_lag4,0,0.0
AirTemp_lag1,0,0.0
AirTemp_lag2,0,0.0
AirTemp_lag0,0,0.0
TrackTemp_lag2,0,0.0
Rainfall_lag4,0,0.0
Rainfall_lag3,0,0.0
Rainfall_lag2,0,0.0
Rainfall_lag1,0,0.0
TrackTemp_lag4,0,0.0
Rainfall_lag0,0,0.0
TrackTemp_lag3,0,0.0
Position_mean5,0,0.0
Position_std5,0,0.0
Position_trend5,0,0.0
GapToLeaderSeconds_trend5,0,0.0
GapToLeaderSeconds_mean5,0,0.0
GapToLeaderSeconds_std5,0,0.0
TrackTemp_mean5,0,0.0
TrackTemp_std5,0,0.0
TrackTemp_trend5,0,0.0
