Configuration,Year,RoundNumber,EventName,Windows,learning_rate,max_iter,max_leaf_nodes,max_depth,min_samples_leaf,l2_regularization,MAE,RMSE,Baseline MAE,Baseline improvement %,TrainingSeconds
default,2019,21,Abu Dhabi Grand Prix,185,0.1,100,31,,20,0.0,1.0036242517596492,1.606799700195974,1.0702702702702702,6.2270269820529744,10.404815799905919
default,2020,11,Eifel Grand Prix,181,0.1,100,31,,20,0.0,1.2246115598220149,1.9350204065127092,1.425414364640884,14.087328555122207,9.187797200051136
default,2021,6,Azerbaijan Grand Prix,164,0.1,100,31,,20,0.0,1.3283948143757638,2.1780726558605905,1.2804878048780488,-3.741309313154884,9.353771900059655
default,2021,19,São Paulo Grand Prix,248,0.1,100,31,,20,0.0,0.8609165706737617,1.392383026177647,0.8911290322580645,3.3903576800484587,9.43272879999131
default,2022,9,Canadian Grand Prix,231,0.1,100,31,,20,0.0,0.933759803880333,1.5659545701320834,0.7792207792207793,-19.832508164642725,9.935219599981792
default,2022,20,Mexico City Grand Prix,253,0.1,100,31,,20,0.0,0.8146518918184104,1.2621515694411496,0.8063241106719368,-1.0328081519891266,10.135083699948154
default,2023,10,British Grand Prix,166,0.1,100,31,,20,0.0,1.0995686950726324,1.543273418118767,0.9518072289156626,-15.524305938010755,10.652550200000405
default,2023,22,Abu Dhabi Grand Prix,200,0.1,100,31,,20,0.0,1.7032838506836703,2.5751680912166885,2.15,20.77749531703859,11.084161799983121
default,2024,12,British Grand Prix,167,0.1,100,31,,20,0.0,0.7649111542891446,1.1584568254408882,0.5449101796407185,-40.37380523767819,11.544497200055048
default,2024,24,Abu Dhabi Grand Prix,179,0.1,100,31,,20,0.0,1.2628203642294877,1.8495605546757004,1.2737430167597765,0.8575240363691637,11.937827700050548
slower_regularized,2019,21,Abu Dhabi Grand Prix,185,0.05,200,31,,30,1.0,1.0259045618777878,1.6641540880821317,1.0702702702702702,4.145280834651137,9.12867810006719
slower_regularized,2020,11,Eifel Grand Prix,181,0.05,200,31,,30,1.0,1.2339893940236335,1.9551811888220125,1.425414364640884,13.429426233225707,9.35758640000131
slower_regularized,2021,6,Azerbaijan Grand Prix,164,0.05,200,31,,30,1.0,1.3895710993205612,2.2189852725308694,1.2804878048780488,-8.518885851700968,9.923056600033306
slower_regularized,2021,19,São Paulo Grand Prix,248,0.05,200,31,,30,1.0,0.8680067305535225,1.40699990894702,0.8911290322580645,2.5947198292879703,10.326915999990888
slower_regularized,2022,9,Canadian Grand Prix,231,0.05,200,31,,30,1.0,0.9474577366919711,1.5335031199838607,0.7792207792207793,-21.590409542136282,10.582641100045294
slower_regularized,2022,20,Mexico City Grand Prix,253,0.05,200,31,,30,1.0,0.826888610400609,1.2639978286944553,0.8063241106719368,-2.5504011918402347,10.986679299967363
slower_regularized,2023,10,British Grand Prix,166,0.05,200,31,,30,1.0,1.1010701082518817,1.5528612684398742,0.9518072289156626,-15.682049347982511,11.381143899983726
slower_regularized,2023,22,Abu Dhabi Grand Prix,200,0.05,200,31,,30,1.0,1.6504062247029927,2.531319176494245,2.15,23.23691978125615,11.63061170000583
slower_regularized,2024,12,British Grand Prix,167,0.05,200,31,,30,1.0,0.7813227724366505,1.1498108656103208,0.5449101796407185,-43.385607688923784,11.20390409999527
slower_regularized,2024,24,Abu Dhabi Grand Prix,179,0.05,200,31,,30,1.0,1.2451552807178488,1.8399555565985348,1.2737430167597765,2.2443880489057326,11.713389400043525
small_trees,2019,21,Abu Dhabi Grand Prix,185,0.08,150,15,,30,1.0,1.032409904400813,1.650880170005518,1.0702702702702702,3.537458427196757,8.26125670003239
small_trees,2020,11,Eifel Grand Prix,181,0.08,150,15,,30,1.0,1.224360900731987,1.9463770921634929,1.425414364640884,14.104913553298589,8.578179699950852
small_trees,2021,6,Azerbaijan Grand Prix,164,0.08,150,15,,30,1.0,1.3713838681051551,2.2071589052038294,1.2804878048780488,-7.098549699640682,9.231930000009015
small_trees,2021,19,São Paulo Grand Prix,248,0.08,150,15,,30,1.0,0.8627626819727161,1.4270967766349163,0.8911290322580645,3.183192249215567,9.628063899930567
small_trees,2022,9,Canadian Grand Prix,231,0.08,150,15,,30,1.0,0.9464049563649628,1.5007629850769681,0.7792207792207793,-21.455302733503554,9.388556099962443
small_trees,2022,20,Mexico City Grand Prix,253,0.08,150,15,,30,1.0,0.826537620355633,1.2522687977539,0.8063241106719368,-2.5068715441054708,9.19202309998218
small_trees,2023,10,British Grand Prix,166,0.08,150,15,,30,1.0,1.0329307969193324,1.5021194051447784,0.9518072289156626,-8.523109043423538,10.060655800043605
small_trees,2023,22,Abu Dhabi Grand Prix,200,0.08,150,15,,30,1.0,1.6752885876394685,2.555264565622911,2.15,22.079600574908437,11.002975499955937
small_trees,2024,12,British Grand Prix,167,0.08,150,15,,30,1.0,0.7777200459459208,1.1729725129059514,0.5449101796407185,-42.72444799227339,11.320123700075783
small_trees,2024,24,Abu Dhabi Grand Prix,179,0.08,150,15,,30,1.0,1.2676901421281408,1.8701222066027763,1.2737430167597765,0.4752037539749103,11.255465100053698
shallow,2019,21,Abu Dhabi Grand Prix,185,0.08,175,31,6,30,1.0,1.0408912635235583,1.656864868511052,1.0702702702702702,2.7450082061321726,8.652973899967037
shallow,2020,11,Eifel Grand Prix,181,0.08,175,31,6,30,1.0,1.2208489422097992,1.9225523758081924,1.425414364640884,14.351295139545087,9.041080900002271
shallow,2021,6,Azerbaijan Grand Prix,164,0.08,175,31,6,30,1.0,1.3567179959811329,2.19432064289226,1.2804878048780488,-5.953214924240849,9.608387800049968
shallow,2021,19,São Paulo Grand Prix,248,0.08,175,31,6,30,1.0,0.8438609372325496,1.386644683015956,0.8911290322580645,5.304293016437868,10.071553500019945
shallow,2022,9,Canadian Grand Prix,231,0.08,175,31,6,30,1.0,0.9560240476364356,1.5499994327005573,0.7792207792207793,-22.689752780009226,10.14258909993805
shallow,2022,20,Mexico City Grand Prix,253,0.08,175,31,6,30,1.0,0.8337391354935646,1.2574602715013545,0.8063241106719368,-3.4000006273881573,10.857206100015901
shallow,2023,10,British Grand Prix,166,0.08,175,31,6,30,1.0,1.1239552836983484,1.5384066938109537,0.9518072289156626,-18.086441198687243,11.039602900040336
shallow,2023,22,Abu Dhabi Grand Prix,200,0.08,175,31,6,30,1.0,1.6830878226986095,2.5604398577126273,2.15,21.716845455878627,11.178414699970745
shallow,2024,12,British Grand Prix,167,0.08,175,31,6,30,1.0,0.765354250380995,1.1552736022185435,0.5449101796407185,-40.45512067431448,11.641536199953407
shallow,2024,24,Abu Dhabi Grand Prix,179,0.08,175,31,6,30,1.0,1.2722440512942632,1.8590565373430672,1.2737430167597765,0.11768193786266802,11.954974199994467
large_leaves,2019,21,Abu Dhabi Grand Prix,185,0.1,125,31,,60,1.0,1.0806977608488284,1.6818718269667041,1.0702702702702702,-0.974285735875386,8.694048700039275
large_leaves,2020,11,Eifel Grand Prix,181,0.1,125,31,,60,1.0,1.2038129940227578,1.9325442739096412,1.425414364640884,15.546452744915051,8.990886599989608
large_leaves,2021,6,Azerbaijan Grand Prix,164,0.1,125,31,,60,1.0,1.4129018465294358,2.2484535558704226,1.2804878048780488,-10.340906109917844,9.574646899942309
large_leaves,2021,19,São Paulo Grand Prix,248,0.1,125,31,,60,1.0,0.8323068741887599,1.3670127853749718,0.8911290322580645,6.600857557098432,9.805050199967809
large_leaves,2022,9,Canadian Grand Prix,231,0.1,125,31,,60,1.0,0.9769150462918882,1.5441032030509865,0.7792207792207793,-25.370764274125644,9.939215200021863
large_leaves,2022,20,Mexico City Grand Prix,253,0.1,125,31,,60,1.0,0.8457281325666969,1.2876598700998685,0.8063241106719368,-4.886871342830543,10.241454100003466
large_leaves,2023,10,British Grand Prix,166,0.1,125,31,,60,1.0,1.1531794068516066,1.5711222041575148,0.9518072289156626,-21.156823757827027,10.865439899964258
large_leaves,2023,22,Abu Dhabi Grand Prix,200,0.1,125,31,,60,1.0,1.668606366230225,2.5018115516275405,2.15,22.390401570687203,10.978594399988651
large_leaves,2024,12,British Grand Prix,167,0.1,125,31,,60,1.0,0.7670818519633797,1.1525344968090612,0.5449101796407185,-40.772164041631235,11.293311199988239
large_leaves,2024,24,Abu Dhabi Grand Prix,179,0.1,125,31,,60,1.0,1.2509587855543223,1.8308661131241926,1.2737430167597765,1.7887620113053997,11.66539640002884
strong_regularization,2019,21,Abu Dhabi Grand Prix,185,0.08,150,31,,40,8.0,1.0433777577484828,1.6460216465405977,1.0702702702702702,2.5126842507730625,8.371874399948865
strong_regularization,2020,11,Eifel Grand Prix,181,0.08,150,31,,40,8.0,1.218199702825955,1.9651802590145864,1.425414364640884,14.537152631202375,8.99423419998493
strong_regularization,2021,6,Azerbaijan Grand Prix,164,0.08,150,31,,40,8.0,1.3822633060947191,2.2126284280915502,1.2804878048780488,-7.948181999778065,9.677329000085592
strong_regularization,2021,19,São Paulo Grand Prix,248,0.08,150,31,,40,8.0,0.8524969439286804,1.3913840900533472,0.8911290322580645,4.335184572709171,10.155924799968489
strong_regularization,2022,9,Canadian Grand Prix,231,0.08,150,31,,40,8.0,0.936899975447411,1.5050630520601906,0.7792207792207793,-20.235496849084406,10.404127900023013
strong_regularization,2022,20,Mexico City Grand Prix,253,0.08,150,31,,40,8.0,0.8225875422560616,1.2392328910975852,0.8063241106719368,-2.01698440724685,10.429047599900514
strong_regularization,2023,10,British Grand Prix,166,0.08,150,31,,40,8.0,1.0698608249982153,1.5061601905147528,0.9518072289156626,-12.40309933525554,10.955895900027826
strong_regularization,2023,22,Abu Dhabi Grand Prix,200,0.08,150,31,,40,8.0,1.6350102303360428,2.4721438941387515,2.15,23.953012542509637,10.930089500034228
strong_regularization,2024,12,British Grand Prix,167,0.08,150,31,,40,8.0,0.750921979508431,1.1174029616863423,0.5449101796407185,-37.806561074624156,13.106529299984686
strong_regularization,2024,24,Abu Dhabi Grand Prix,179,0.08,150,31,,40,8.0,1.213206803400509,1.8126013961130194,1.2737430167597765,4.752623768117932,12.02512690005824
fast_boosting,2019,21,Abu Dhabi Grand Prix,185,0.15,100,31,,30,1.0,1.0457073789115576,1.674230888631625,1.0702702702702702,2.2950176269504188,10.508499899995513
fast_boosting,2020,11,Eifel Grand Prix,181,0.15,100,31,,30,1.0,1.186424205388479,1.8780792207015249,1.425414364640884,16.76636388553693,8.983774999971502
fast_boosting,2021,6,Azerbaijan Grand Prix,164,0.15,100,31,,30,1.0,1.3930634274710645,2.2402846812895834,1.2804878048780488,-8.791620050121224,10.792936600046232
fast_boosting,2021,19,São Paulo Grand Prix,248,0.15,100,31,,30,1.0,0.8602212993914327,1.4060043064049486,0.8911290322580645,3.468379072816605,16.18053599994164
fast_boosting,2022,9,Canadian Grand Prix,231,0.15,100,31,,30,1.0,0.9574507001622106,1.5416446830322448,0.7792207792207793,-22.87283985415035,28.292601500055753
fast_boosting,2022,20,Mexico City Grand Prix,253,0.15,100,31,,30,1.0,0.8804114341777577,1.3279500510457483,0.8063241106719368,-9.188280807339556,22.467832900001667
fast_boosting,2023,10,British Grand Prix,166,0.15,100,31,,30,1.0,1.1472072855162745,1.637002218986582,0.9518072289156626,-20.52937303525416,23.11712529999204
fast_boosting,2023,22,Abu Dhabi Grand Prix,200,0.15,100,31,,30,1.0,1.6661605468670169,2.529124899004518,2.15,22.504160610836422,21.045761900022626
fast_boosting,2024,12,British Grand Prix,167,0.15,100,31,,30,1.0,0.7509830966635213,1.1524834833332505,0.5449101796407185,-37.81777708000885,21.146201299969107
fast_boosting,2024,24,Abu Dhabi Grand Prix,179,0.15,100,31,,30,1.0,1.2374804070895937,1.8515547575647198,1.2737430167597765,2.846932952176632,21.15195590001531
high_capacity,2019,21,Abu Dhabi Grand Prix,185,0.05,225,63,,30,2.0,1.089135208594414,1.713476423797483,1.0702702702702702,-1.7626331262457506,25.243015700019896
high_capacity,2020,11,Eifel Grand Prix,181,0.05,225,63,,30,2.0,1.2105837107688093,1.9272138706552433,1.425414364640884,15.071452849164922,22.83903030003421
high_capacity,2021,6,Azerbaijan Grand Prix,164,0.05,225,63,,30,2.0,1.3798912652679085,2.217059093601758,1.2804878048780488,-7.7629369066366625,17.952228600042872
high_capacity,2021,19,São Paulo Grand Prix,248,0.05,225,63,,30,2.0,0.8373203018558812,1.3689707324962774,0.8911290322580645,6.038264769113778,27.955085999914445
high_capacity,2022,9,Canadian Grand Prix,231,0.05,225,63,,30,2.0,0.9800269734058921,1.5830567631267196,0.7792207792207793,-25.77012825375614,22.621294800075702
high_capacity,2022,20,Mexico City Grand Prix,253,0.05,225,63,,30,2.0,0.8364036636949996,1.2749222910315927,0.8063241106719368,-3.73045437001711,22.305414400063455
high_capacity,2023,10,British Grand Prix,166,0.05,225,63,,30,2.0,1.1585802401768805,1.609731896802216,0.9518072289156626,-21.724253081874796,23.3458312000148
high_capacity,2023,22,Abu Dhabi Grand Prix,200,0.05,225,63,,30,2.0,1.6455320794986596,2.495545634588571,2.15,23.463624209364667,23.10341800004244
high_capacity,2024,12,British Grand Prix,167,0.05,225,63,,30,2.0,0.79452550730818,1.1635989091618033,0.5449101796407185,-45.80852716534732,23.082438500015996
high_capacity,2024,24,Abu Dhabi Grand Prix,179,0.05,225,63,,30,2.0,1.2284519624146875,1.8375191099477501,1.2737430167597765,3.5557450560398873,24.663778699934483
