Year,RoundNumber,EventName,TrainingRaces,TrainingWindows,ValidationWindows,FeaturesUsed,MAE,RMSE,Baseline MAE,Baseline improvement %,TrainingSeconds
2019,21,Abu Dhabi Grand Prix,40,7708,185,148,1.0433777577484828,1.6460216465405977,1.0702702702702702,2.5126842507730625,20.044318200089037
2020,1,Austrian Grand Prix,41,7893,182,148,2.1023136510326283,3.343837782515394,2.0824175824175826,-0.955431263308267,17.388968299957924
2020,2,Styrian Grand Prix,42,8075,223,148,0.9192329668188154,1.337620897298864,0.7757847533632287,-18.490723468552503,17.26507990004029
2020,3,Hungarian Grand Prix,43,8298,235,148,0.8172519612267685,1.2264887419678003,0.625531914893617,-30.6491230532589,15.927942299982533
2020,4,British Grand Prix,44,8533,154,148,0.771549280208746,1.3963312176927072,0.6428571428571429,-20.018776921360484,15.967020699987188
2020,5,70th Anniversary Grand Prix,45,8687,178,148,1.4387208810520387,2.079891011734635,1.5393258426966292,6.53565079296975,17.322553499951027
2020,6,Spanish Grand Prix,46,8865,232,148,1.0841873964299062,1.679147660945214,1.1853448275862069,8.534008737549724,16.747175800031982
2020,7,Belgian Grand Prix,47,9097,119,148,0.8762394819827297,1.5580513742226532,0.8487394957983193,-3.2400973821236025,15.300814000074752
2020,8,Italian Grand Prix,48,9216,154,148,1.5178087233332485,2.8049356355756436,1.448051948051948,-4.8172840328790425,17.065443300059997
2020,9,Tuscan Grand Prix,49,9370,127,148,0.8360643518091362,1.316333479530671,0.8740157480314961,4.342186774990725,15.666639799950644
2020,10,Russian Grand Prix,50,9497,162,148,1.0429079537104897,1.5737209721869276,1.0740740740740742,2.901673275230277,15.845782699994743
2020,11,Eifel Grand Prix,51,9659,181,148,1.218199702825955,1.9651802590145864,1.425414364640884,14.537152631202375,16.820191800012253
2020,12,Portuguese Grand Prix,52,9840,235,148,1.15302393325309,2.0195804386985987,1.2936170212765958,10.868215686027584,14.842924500000663
2020,13,Emilia Romagna Grand Prix,53,10075,195,148,1.3763160577708722,2.1725790497951896,1.3025641025641026,-5.6620595532756175,16.832663000095636
2020,14,Turkish Grand Prix,54,10270,185,148,1.0362686122653109,1.6283502306354507,1.0054054054054054,-3.0697275640228603,14.821584799909033
2020,15,Bahrain Grand Prix,55,10455,179,148,1.20798267689184,1.7150783158194411,1.4692737430167597,17.7836885309356,17.105299700051546
2020,16,Sakhir Grand Prix,56,10634,281,148,1.1965156288215255,1.7242664954860594,1.0427046263345197,-14.751157576398853,16.026852300041355
2020,17,Abu Dhabi Grand Prix,57,10915,181,148,0.6974154080265699,1.1088332933945846,0.6629834254143646,-5.193490710674293,14.931206100038253
2021,1,Bahrain Grand Prix,58,11096,183,148,1.2269469431525417,1.8335081577304961,1.5027322404371584,18.352257964758127,15.383477800060064
2021,2,Emilia Romagna Grand Prix,59,11279,197,148,0.8673097792827521,1.5028365817195368,0.7106598984771574,-22.042876084787256,14.796047799987718
2021,3,Portuguese Grand Prix,60,11476,225,148,0.903903229012176,1.4713086360514942,0.8355555555555556,-8.179907727521059,14.02091299998574
2021,4,Spanish Grand Prix,61,11701,226,148,1.0633230564172542,1.644945829026561,1.0973451327433628,3.1003988910082785,16.00054789998103
2021,5,Monaco Grand Prix,62,11927,257,148,0.4932053204367514,0.7563472122163182,0.25680933852140075,-92.05116265491685,15.013651299988851
2021,6,Azerbaijan Grand Prix,63,12184,164,148,1.3822633060947191,2.2126284280915502,1.2804878048780488,-7.948181999778065,15.831080199917778
2021,7,French Grand Prix,64,12348,180,148,1.184786392765787,1.8534880762423294,1.3666666666666667,13.30831272445462,16.894839399959892
2021,8,Styrian Grand Prix,65,12528,237,148,0.9402749165982531,1.439386925955539,0.7046413502109705,-33.440212714841905,18.422697699978016
2021,9,Austrian Grand Prix,66,12765,245,148,1.086122508198126,1.9495643881923996,1.0857142857142856,-0.03759943930109185,18.152942800079472
2021,10,British Grand Prix,67,13010,169,148,0.939809505946481,1.4055179389672574,0.7928994082840237,-18.528213809668124,17.85266730003059
2021,11,Hungarian Grand Prix,68,13179,178,148,0.6466034473876919,0.9297453367832718,0.4606741573033708,-40.36026053049897,17.224684600019827
2021,13,Dutch Grand Prix,69,13357,247,148,0.716610334786799,1.0595810865193738,0.611336032388664,-17.220366021416798,17.578612699988298
2021,14,Italian Grand Prix,70,13604,150,148,0.9028209084268044,1.3152278232523331,0.68,-32.76778065100064,18.537814800045453
2021,15,Russian Grand Prix,71,13754,175,148,1.5125899515293473,2.3747445427177585,1.7085714285714286,11.470487786743892,16.17293470003642
2021,16,Turkish Grand Prix,72,13929,200,148,0.7656824716913516,1.0800920806349585,0.48,-59.51718160236492,18.911746899946593
2021,17,United States Grand Prix,73,14129,184,148,0.84986591838938,1.3053878948115103,0.9347826086956522,9.084111056019822,17.43412079999689
2021,18,Mexico City Grand Prix,74,14313,229,148,0.5980601413446563,0.8616991502086219,0.48034934497816595,-24.505247607205728,17.691261200001463
2021,19,São Paulo Grand Prix,75,14542,248,148,0.8524969439286804,1.3913840900533472,0.8911290322580645,4.335184572709171,17.196353400009684
2021,20,Qatar Grand Prix,76,14790,197,148,1.4573351732608513,2.275263333230661,1.7106598984771573,14.808596696620855,17.868360599968582
2021,21,Saudi Arabian Grand Prix,77,14987,142,148,1.0512787492994895,1.6274890526905088,0.971830985915493,-8.175059710527176,17.633238999987952
2021,22,Abu Dhabi Grand Prix,78,15129,172,148,1.1423483732444222,1.657641423789707,1.127906976744186,-1.280371236103409,17.138558099977672
2022,1,Bahrain Grand Prix,79,15301,196,148,1.2340665543282876,1.7876354810571065,1.5255102040816326,19.104667341690845,17.27485849999357
2022,2,Saudi Arabian Grand Prix,80,15497,143,148,1.0061783402093734,1.4710065255000444,0.9020979020979021,-11.537598953442165,17.173426100052893
2022,3,Australian Grand Prix,81,15640,179,148,1.1542045196955293,1.7190194973890751,1.1620111731843576,0.6718225838943639,17.017547099967487
2022,4,Emilia Romagna Grand Prix,82,15819,198,148,0.6478717284098028,0.9875072006447568,0.29292929292929293,-121.17000383644992,18.63427679997403
2022,5,Miami Grand Prix,83,16017,183,148,1.1110623793573933,1.745350666751402,1.1420765027322404,2.7155907069842202,19.215671200072393
2022,6,Spanish Grand Prix,84,16200,221,148,0.8945611348279389,1.3031646992402872,0.8642533936651584,-3.506811935588733,19.686572500038892
2022,7,Monaco Grand Prix,85,16421,201,148,0.7364118828157568,1.154442495206117,0.5074626865671642,-45.11645926075206,18.801132599939592
2022,8,Azerbaijan Grand Prix,86,16622,154,148,1.0994026855332448,1.6590371212970714,1.0974025974025974,-0.18225655155012252,16.662252599955536
2022,9,Canadian Grand Prix,87,16776,231,148,0.936899975447411,1.5050630520601906,0.7792207792207793,-20.235496849084406,18.01863940001931
2022,10,British Grand Prix,88,17007,139,148,1.3415824433693357,1.9588214004450213,1.381294964028777,2.8750210269074694,18.558170100091957
2022,11,Austrian Grand Prix,89,17146,242,148,1.4725095222745452,2.3383240238436866,1.5909090909090908,7.442258599885724,18.108549700002186
2022,12,French Grand Prix,90,17388,160,148,0.839285344353154,1.2227952053435769,0.63125,-32.956094154955096,18.540160099975765
2022,13,Hungarian Grand Prix,91,17548,247,148,1.0685926741985345,1.7502806510060793,1.2874493927125505,16.999248261937723,18.21526820003055
2022,14,Belgian Grand Prix,92,17795,126,148,1.2548111773004431,1.8968641483692499,1.619047619047619,22.496956696149102,20.097967299981974
2022,15,Dutch Grand Prix,93,17921,250,148,0.9205353297146289,1.4478336568423247,0.928,0.8043825738546467,18.317336600041017
2022,16,Italian Grand Prix,94,18171,164,148,1.3260245543885836,2.0722329166454667,1.4451219512195121,8.241338852435565,18.465684200054966
2022,17,Singapore Grand Prix,95,18335,156,148,0.8889573351860818,1.4012369992218332,0.6410256410256411,-38.677344289028746,18.855551999993622
2022,18,Japanese Grand Prix,96,18491,72,148,1.5377940096966378,2.529288138052935,1.4722222222222223,-4.453932734111241,18.742084500030614
2022,19,United States Grand Prix,97,18563,175,148,1.642487105426296,2.3671536044467087,1.8914285714285715,13.16155787021094,18.844423300004564
2022,20,Mexico City Grand Prix,98,18738,253,148,0.8225875422560616,1.2392328910975852,0.8063241106719368,-2.01698440724685,19.292181400000118
2022,21,São Paulo Grand Prix,99,18991,230,148,1.5180216240787983,2.3331161815917154,1.7739130434782608,14.425251583793235,17.581478699925356
2022,22,Abu Dhabi Grand Prix,100,19221,194,148,1.062832384790192,1.6636758786298487,1.2835051546391754,17.192978855703927,18.881371599971317
2023,1,Bahrain Grand Prix,101,19415,184,148,0.8887418985540042,1.3673845377132263,1.0271739130434783,13.476979188393242,18.22087790002115
2023,2,Saudi Arabian Grand Prix,102,19599,167,148,0.9073870890308517,1.3629640046450715,0.8263473053892215,-9.806988310255253,18.589771199971437
2023,3,Australian Grand Prix,103,19766,171,148,0.7112689883831128,1.1235969777477028,0.6549707602339181,-8.595533047778837,19.434336200007237
2023,4,Azerbaijan Grand Prix,104,19937,168,148,1.024236313196773,1.7907957320065382,0.7916666666666666,-29.377218509066083,18.423753199982457
2023,5,Miami Grand Prix,105,20105,200,148,1.1204361753315175,1.725572189832208,1.18,5.0477817515663075,17.025588700082153
2023,6,Monaco Grand Prix,106,20305,274,148,0.7725205206683171,1.108634016019522,0.4197080291970803,-84.06141101140773,16.108508600038476
2023,7,Spanish Grand Prix,107,20579,240,148,1.429812755654265,2.1667762946899654,1.625,12.011522728968307,17.754741900018416
2023,8,Canadian Grand Prix,108,20819,239,148,0.9287689043279703,1.8174938069737392,0.8158995815899581,-13.833727248402521,18.724687699927017
2023,9,Austrian Grand Prix,109,21058,248,148,0.9172806662035214,1.4750132615872376,0.9596774193548387,4.417812933414576,18.762221900047734
2023,10,British Grand Prix,110,21306,166,148,1.0698608249982153,1.5061601905147528,0.9518072289156626,-12.40309933525554,19.548487700056285
2023,11,Hungarian Grand Prix,111,21472,225,148,1.0110107852644525,1.6870101052922046,1.0755555555555556,6.001063353511648,20.96558770001866
2023,12,Belgian Grand Prix,112,21697,129,148,1.321951779669486,2.125433347294745,1.5348837209302326,13.87283859729107,19.327832099981606
2023,13,Dutch Grand Prix,113,21826,240,148,1.1884206458067028,1.7080800081049357,1.2,0.9649461827747619,17.590490899980068
2023,14,Italian Grand Prix,114,22066,168,148,1.2010313522332265,1.7105459403967176,1.2976190476190477,7.443455424228418,19.095613000099547
2023,15,Singapore Grand Prix,115,22234,192,148,0.9790360490474512,1.4703595945296268,0.796875,-22.85942576281741,17.945017499965616
2023,16,Japanese Grand Prix,116,22426,147,148,1.0797731430709043,1.6482571161259998,1.3945578231292517,22.572364862720516,18.816740399925038
2023,17,Qatar Grand Prix,117,22573,177,148,2.3697794497958475,3.4574854450642087,2.785310734463277,14.91866884100101,18.117404900025576
2023,18,United States Grand Prix,118,22750,179,148,1.2018932986843658,1.84232378529217,1.553072625698324,22.611906307733285,17.74339570000302
2023,19,Mexico City Grand Prix,119,22929,233,148,1.073009073431479,1.6949665276520958,1.0171673819742488,-5.489921565204486,17.308594499947503
2023,20,São Paulo Grand Prix,120,23162,200,148,0.8534322618661107,1.3149298649518961,0.91,6.216234959768063,18.253310700063594
2023,21,Las Vegas Grand Prix,121,23362,169,148,1.606086237018659,2.367078826424997,1.8579881656804733,13.557778963008476,20.47162640001625
2023,22,Abu Dhabi Grand Prix,122,23531,200,148,1.6350102303360428,2.4721438941387515,2.15,23.953012542509637,19.000741600058973
2024,1,Bahrain Grand Prix,123,23731,200,148,1.0448398432652128,1.6950180628858875,1.17,10.697449293571546,19.831764200003818
2024,2,Saudi Arabian Grand Prix,124,23931,156,148,0.9508257959319155,1.4811522370878616,0.6923076923076923,-37.34150385683225,20.956921000033617
2024,3,Australian Grand Prix,125,24087,172,148,1.1605829537719807,1.9369884852415507,1.2267441860465116,5.393237891573132,20.318187099997886
2024,4,Japanese Grand Prix,126,24259,154,148,1.2126450176657537,1.6003357958741442,1.3116883116883118,7.5508253858781895,17.197757699992508
2024,5,Chinese Grand Prix,127,24413,181,148,1.2544746022072448,2.072543240578282,1.5082872928176796,16.827874359153366,19.533205899992026
2024,6,Miami Grand Prix,128,24594,194,148,1.1774147385222051,1.8222304543216394,1.0824742268041236,-8.770694892051338,19.564975499990396
2024,7,Emilia Romagna Grand Prix,129,24788,218,148,1.0380998579181202,1.5267172233735191,0.926605504587156,-12.032558923836735,17.796222100034356
2024,8,Monaco Grand Prix,130,25006,224,148,0.4601121276112375,0.6805537541431149,0.10714285714285714,-329.43798577048835,19.283808800042607
2024,9,Canadian Grand Prix,131,25230,231,148,0.9312939243638194,1.457453029449415,0.8787878787878788,-5.974825875882899,17.633082999964245
2024,10,Spanish Grand Prix,132,25461,239,148,1.1641538312001878,1.660048510375562,1.4309623430962344,18.64539015881729,17.719497499987483
2024,11,Austrian Grand Prix,133,25700,257,148,1.1708150329039015,1.721787338582023,1.206225680933852,2.93565694957977,20.174381299992092
2024,12,British Grand Prix,134,25957,167,148,0.750921979508431,1.1174029616863423,0.5449101796407185,-37.806561074624156,19.014855399960652
2024,13,Hungarian Grand Prix,135,26124,244,148,1.2562980669247086,1.956507328530457,1.290983606557377,2.686752911228918,20.880288499989547
2024,14,Belgian Grand Prix,136,26368,133,148,1.356143834350047,1.8216242166605319,1.7894736842105263,24.215491609850318,20.51838229992427
2024,15,Dutch Grand Prix,137,26501,260,148,0.92785932267406,1.4710730159908363,0.9384615384615385,1.1297443052231126,19.25065160007216
2024,16,Italian Grand Prix,138,26761,171,148,1.3245771855806672,1.850473547866419,1.5263157894736843,13.21735680678388,21.095627200091258
2024,17,Azerbaijan Grand Prix,139,26932,169,148,1.0736129987171579,1.4644393710205053,0.9940828402366864,-8.000355228095051,20.791453800047748
2024,18,Singapore Grand Prix,140,27101,210,148,1.023903555042398,1.6648487325040777,0.9714285714285714,-5.4018365484821524,21.555478799971752
2024,19,United States Grand Prix,141,27311,190,148,1.180472102540021,1.6981440356462023,1.168421052631579,-1.031396163335133,21.198420000029728
2024,20,Mexico City Grand Prix,142,27501,223,148,0.9528215365479008,1.5205188519248958,0.8834080717488789,-7.857463274204,21.218903000000864
2024,21,São Paulo Grand Prix,143,27724,196,148,0.9887702674504784,1.5170552121837921,0.7959183673469388,-24.230110525829332,21.111797100049444
2024,22,Las Vegas Grand Prix,144,27920,166,148,1.9053870708815932,2.982858781738593,2.4457831325301207,22.09501138759989,18.33413400000427
2024,23,Qatar Grand Prix,145,28086,162,148,1.455888180817784,2.010572992418027,0.9444444444444444,-54.15286620423595,18.410230899928138
2024,24,Abu Dhabi Grand Prix,146,28248,179,148,1.213206803400509,1.8126013961130194,1.2737430167597765,4.752623768117932,19.115633700042963
2025,1,Australian Grand Prix,147,28427,161,148,1.0708449365544552,2.073551820889545,0.8819875776397516,-21.412700553005134,18.453253700048663
2025,2,Chinese Grand Prix,148,28588,190,148,1.2157896562391783,1.9962559818625272,1.3473684210526315,9.765611450998481,20.714023199980147
2025,3,Japanese Grand Prix,149,28778,180,148,1.2230307669010292,1.8058093888291906,1.0888888888888888,-12.319152062339425,21.354674899950624
2025,4,Bahrain Grand Prix,150,28958,198,148,1.5169110312718725,2.218031790860642,1.8484848484848484,17.937599947587216,22.019464100012556
2025,5,Saudi Arabian Grand Prix,151,29156,158,148,0.9668685396949748,1.4468648150411771,1.0759493670886076,10.1381004283494,21.719057100010104
2025,6,Miami Grand Prix,152,29314,175,148,0.6744361711320864,1.0156352191791709,0.5371428571428571,-25.559925476718217,20.03806169994641
2025,7,Emilia Romagna Grand Prix,153,29489,209,148,1.3785301228054858,2.218242077312248,1.4641148325358853,5.84549161230506,19.432481699972413
2025,8,Monaco Grand Prix,154,29698,258,148,0.7353856160359433,1.1691269536438766,0.5697674418604651,-29.067679549165558,19.535010599996895
2025,9,Spanish Grand Prix,155,29956,217,148,1.194192160716676,1.7193605046213507,1.391705069124424,14.192152690225589,19.517848399933428
2025,10,Canadian Grand Prix,156,30173,241,148,1.3040075894394583,2.0253834731232665,1.3195020746887967,1.1742675927957706,19.61217169999145
2025,11,Austrian Grand Prix,157,30414,200,148,1.1587846549860292,1.738213614072912,1.275,9.114929020703583,19.84529530000873
2025,12,British Grand Prix,158,30614,140,148,1.4415528262056965,2.2891030161579957,1.3785714285714286,-4.568598792123061,18.68243009992875
2025,13,Belgian Grand Prix,159,30754,140,148,0.9981252392220454,1.686745936412724,0.7714285714285715,-29.38660508433922,20.27291800000239
2025,14,Hungarian Grand Prix,160,30894,245,148,1.1274966565464355,1.7065720258219057,1.1346938775510205,0.6342874626342874,21.79033729992807
2025,15,Dutch Grand Prix,161,31139,244,148,1.0124817028894963,1.733855861211401,0.889344262295082,-13.845868896330458,22.666785500012338
2025,16,Italian Grand Prix,162,31383,165,148,1.2712312835309634,1.894600032579331,1.2787878787878788,0.5909185864412542,21.121721899951808
2025,17,Azerbaijan Grand Prix,163,31548,171,148,1.1137958987459642,1.5598241601981013,0.9824561403508771,-13.368511122357074,21.712526299990714
2025,18,Singapore Grand Prix,164,31719,220,148,1.135327104680036,1.7060421102845076,1.1,-3.2115549709123505,22.111212499905378
2025,19,United States Grand Prix,165,31939,190,148,1.089366031774197,1.6853176586861751,0.9263157894736842,-17.60201479380537,18.469002099940553
2025,20,Mexico City Grand Prix,166,32129,229,148,1.0223354244653784,1.6508770832199047,1.0829694323144106,5.598866047350147,19.768487100023776
2025,21,São Paulo Grand Prix,167,32358,227,148,1.59363562203056,2.2727347564328495,1.7621145374449338,9.561178449765713,19.01406479999423
2025,22,Las Vegas Grand Prix,168,32585,157,148,1.1591463094935326,1.6453622000821158,0.9681528662420382,-19.727612230581986,19.51260070002172
2025,23,Qatar Grand Prix,169,32742,187,148,1.1826483906093688,1.9119331214363333,0.7807486631016043,-51.47619797530956,20.838317300076596
2025,24,Abu Dhabi Grand Prix,170,32929,200,148,1.4959883842152342,2.39316623772322,1.78,15.955708751953138,20.637485299957916
2026,1,Australian Grand Prix,171,33129,173,148,0.7567117815892898,1.1143257442775016,0.6589595375722543,-14.83433176749748,24.023032099939883
2026,2,Chinese Grand Prix,172,33302,163,148,1.0737219687858381,1.6054532726257835,1.1226993865030674,4.362469446944468,22.42803049995564
2026,3,Japanese Grand Prix,173,33465,188,148,0.9004765749154553,1.3481951024663519,0.8031914893617021,-12.112315287487148,20.996297000092454
2026,4,Miami Grand Prix,174,33653,180,148,0.7776570478224835,1.321181201573058,0.7888888888888889,1.4237545013753325,23.340986499912106
2026,5,Canadian Grand Prix,175,33833,211,148,0.7941800935042082,1.1831506587491223,0.5402843601895735,-46.99298221876133,22.576518599991687
2026,6,Monaco Grand Prix,176,34044,257,148,0.7064584370041589,1.1236329612525995,0.45525291828793774,-55.17933188894772,14.87648039998021
2026,7,Barcelona Grand Prix,177,34301,219,148,0.8944430818291897,1.318522936910014,0.9771689497716894,8.46587153243338,13.823373000021093
2026,8,Austrian Grand Prix,178,34520,242,148,0.9002146333198339,1.3881023505835695,0.9752066115702479,7.68985539686449,13.984694699989632
2026,9,British Grand Prix,179,34762,192,148,0.797344565284499,1.2079941680402841,0.7916666666666666,-0.7172082464630414,13.970819000038318
2026,10,Belgian Grand Prix,180,34954,138,148,0.8895955652780134,1.2909605560881976,1.065217391304348,16.48694693308446,13.96287739998661
2026,11,Hungarian Grand Prix,181,35092,254,148,0.8934643486951165,1.3269544921408887,1.0236220472440944,12.715405935169386,13.352868500049226
