Specification,Year,RoundNumber,EventName,Horizon,TwoStage,RecencyHalfLife,PositionVariant,TrainingWindows,ValidationWindows,Features,NoChangePercent,MAE,RMSE,Baseline MAE,Baseline improvement %,Change accuracy,Change Brier score,Change ROC AUC,TrainingSeconds
single_stage,2019,21,Abu Dhabi Grand Prix,5,False,40,full,7708,185,206,50.27027027027027,1.0275803093355769,1.6555144354322626,1.0702702702702702,3.9887084711708436,,,,26.560916399932466
single_stage,2021,3,Portuguese Grand Prix,5,False,40,full,11476,225,206,58.22222222222222,0.8750354130908249,1.423760896321923,0.8355555555555556,-4.724982949699781,,,,25.409037700039335
single_stage,2022,2,Saudi Arabian Grand Prix,5,False,40,full,15497,143,206,52.44755244755245,0.9326895083388204,1.4002492919599752,0.9020979020979021,-3.3911625522878404,,,,28.229222499998286
single_stage,2022,22,Abu Dhabi Grand Prix,5,False,40,full,19221,194,206,40.72164948453608,1.044359392598577,1.6246590833902252,1.2835051546391754,18.632240094729347,,,,25.70273310004268
single_stage,2023,20,São Paulo Grand Prix,5,False,40,full,23162,200,206,53.0,0.848336207290682,1.2956891163536486,0.91,6.776240957067911,,,,19.65616580005735
single_stage,2024,18,Singapore Grand Prix,5,False,40,full,27101,210,206,55.23809523809524,0.9851463390795129,1.6209086006322924,0.9714285714285714,-1.4121231405380914,,,,19.11940800002776
single_stage,2025,14,Hungarian Grand Prix,5,False,40,full,30894,245,206,49.38775510204081,1.2015833522636457,1.7461928374300029,1.1346938775510205,-5.8949357210766795,,,,19.010519900009967
single_stage,2026,11,Hungarian Grand Prix,5,False,40,full,35092,254,206,40.94488188976378,0.8975302936671598,1.3135368833151808,1.0236220472440944,12.318194387900544,,,,21.951958600082435
two_stage,2019,21,Abu Dhabi Grand Prix,5,True,40,full,7708,185,206,50.27027027027027,1.0385023601356662,1.6968448879333204,1.0702702702702702,2.96821382570795,0.7189189189189189,0.1862484082801487,0.7892706872370265,26.06199179997202
two_stage,2021,3,Portuguese Grand Prix,5,True,40,full,11476,225,206,58.22222222222222,0.8788451513349622,1.4604107927119598,0.8355555555555556,-5.1809356650885565,0.6622222222222223,0.21588057053768014,0.7079746629852202,27.094460500054993
two_stage,2022,2,Saudi Arabian Grand Prix,5,True,40,full,15497,143,206,52.44755244755245,0.9461630808378491,1.4569331610545895,0.9020979020979021,-4.884744620009626,0.6573426573426573,0.210572039914543,0.7652941176470588,29.57020320009906
two_stage,2022,22,Abu Dhabi Grand Prix,5,True,40,full,19221,194,206,40.72164948453608,1.0064529747893458,1.5766595061049629,1.2835051546391754,21.585591522436516,0.6907216494845361,0.20925685567994415,0.7848101265822784,31.25271310005337
two_stage,2023,20,São Paulo Grand Prix,5,True,40,full,23162,200,206,53.0,0.8139400934277168,1.2414591806785205,0.91,10.556033689261895,0.765,0.17450089712756026,0.8137294259333601,37.06509010004811
two_stage,2024,18,Singapore Grand Prix,5,True,40,full,27101,210,206,55.23809523809524,0.9826373018329846,1.597913478467582,0.9714285714285714,-1.153839894571944,0.680952380952381,0.19690693812027704,0.7632978723404256,34.55600930005312
two_stage,2025,14,Hungarian Grand Prix,5,True,40,full,30894,245,206,49.38775510204081,1.2301952624676447,1.7847580116654567,1.1346938775510205,-8.41648895847947,0.673469387755102,0.21620444853079673,0.7325379898693681,39.57429909997154
two_stage,2026,11,Hungarian Grand Prix,5,True,40,full,35092,254,206,40.94488188976378,0.8557486970540187,1.267725640570935,1.0236220472440944,16.399934980107403,0.6929133858267716,0.20326103929583395,0.7619871794871794,11755.200540099991
recency_equal,2019,21,Abu Dhabi Grand Prix,5,True,,full,7708,185,206,50.27027027027027,1.0166456206188004,1.645749351524183,1.0702702702702702,5.010383932081779,0.7297297297297297,0.18460253524171386,0.7926601215521272,3871.555257900036
recency_equal,2021,3,Portuguese Grand Prix,5,True,,full,11476,225,206,58.22222222222222,0.8498947180971443,1.4237156735886634,0.8355555555555556,-1.7161231765199283,0.6977777777777778,0.20294086426017768,0.7410264739321097,29.570652100024745
recency_equal,2022,2,Saudi Arabian Grand Prix,5,True,,full,15497,143,206,52.44755244755245,0.9111290424306667,1.4243197419745564,0.9020979020979021,-1.0011264089808867,0.6573426573426573,0.21163986375286184,0.7664705882352941,31.102887299959548
recency_equal,2022,22,Abu Dhabi Grand Prix,5,True,,full,19221,194,206,40.72164948453608,1.0373246633846902,1.6617199362215238,1.2835051546391754,19.180327431072335,0.6752577319587629,0.2138292971889144,0.775454045129334,31.225873699993826
recency_equal,2023,20,São Paulo Grand Prix,5,True,,full,23162,200,206,53.0,0.8221671530397866,1.2680293656072197,0.91,9.65196120441906,0.75,0.17567519390899988,0.8143315937374549,6307.460456899949
recency_equal,2024,18,Singapore Grand Prix,5,True,,full,27101,210,206,55.23809523809524,0.9903926526466307,1.6064652447872232,0.9714285714285714,-1.952184831270806,0.6714285714285714,0.19951648100180017,0.7539435069699193,38.626007099985145
recency_equal,2025,14,Hungarian Grand Prix,5,True,,full,30894,245,206,49.38775510204081,1.1763989562981056,1.7594968694540944,1.1346938775510205,-3.675447587422974,0.6489795918367347,0.21363388032328137,0.738869634764063,40.24249099998269
recency_equal,2026,11,Hungarian Grand Prix,5,True,,full,35092,254,206,40.94488188976378,0.8483737308403533,1.276095320164889,1.0236220472440944,17.120412448673175,0.6456692913385826,0.22299030273747783,0.7294871794871794,42.957446299958974
recency_20,2019,21,Abu Dhabi Grand Prix,5,True,20,full,7708,185,206,50.27027027027027,1.0152225895483251,1.687665460004651,1.0702702702702702,5.1433439058383055,0.6918918918918919,0.18849423977865218,0.78424497428705,27.33277909993194
recency_20,2021,3,Portuguese Grand Prix,5,True,20,full,11476,225,206,58.22222222222222,0.8759968986987617,1.4653483959039613,0.8355555555555556,-4.8400543655432875,0.6488888888888888,0.21421917894165668,0.7095988305993179,31.056263800011948
recency_20,2022,2,Saudi Arabian Grand Prix,5,True,20,full,15497,143,206,52.44755244755245,0.9049516040910286,1.407590509758652,0.9020979020979021,-0.31634060854038076,0.6643356643356644,0.19875919698236255,0.7756862745098039,33.41044090001378
recency_20,2022,22,Abu Dhabi Grand Prix,5,True,20,full,19221,194,206,40.72164948453608,1.0016922382612916,1.569275653804933,1.2835051546391754,21.956508344300982,0.6649484536082474,0.20939410605503167,0.7864611997798568,41.84020880004391
recency_20,2023,20,São Paulo Grand Prix,5,True,20,full,23162,200,206,53.0,0.8176678301295852,1.2773887595418503,0.91,10.146392293452177,0.75,0.17775416376627795,0.8142312324367724,86.47393640002701
recency_20,2024,18,Singapore Grand Prix,5,True,20,full,27101,210,206,55.23809523809524,0.9634775782989361,1.5850795383629779,0.9714285714285714,0.8184845868742241,0.6666666666666666,0.20204590185977941,0.7545854732208364,99.65248199994676
recency_20,2025,14,Hungarian Grand Prix,5,True,20,full,30894,245,206,49.38775510204081,1.2248987804031133,1.7518535906354455,1.1346938775510205,-7.949712661425445,0.636734693877551,0.2254314999134208,0.7269394828045854,69.03732889995445
recency_20,2026,11,Hungarian Grand Prix,5,True,20,full,35092,254,206,40.94488188976378,0.8518356255775422,1.2316734021494002,1.0236220472440944,16.782211962809335,0.7047244094488189,0.20078852686446955,0.7615384615384616,84.69956499990076
recency_80,2019,21,Abu Dhabi Grand Prix,5,True,80,full,7708,185,206,50.27027027027027,1.0327277971914306,1.6547478533853435,1.0702702702702702,3.5077563230228943,0.7027027027027027,0.18745152486697636,0.7878681626928472,45.9097855000291
recency_80,2021,3,Portuguese Grand Prix,5,True,80,full,11476,225,206,58.22222222222222,0.8617978112205413,1.4199275792956954,0.8355555555555556,-3.1406954918200998,0.6622222222222223,0.21500087084858496,0.7066753288939418,45.635349399992265
recency_80,2022,2,Saudi Arabian Grand Prix,5,True,80,full,15497,143,206,52.44755244755245,0.9204661723136152,1.4402646732745759,0.9020979020979021,-2.036172589803853,0.6573426573426573,0.21212849528479993,0.762156862745098,182.68302680004854
recency_80,2022,22,Abu Dhabi Grand Prix,5,True,80,full,19221,194,206,40.72164948453608,1.0297026929180524,1.6530023867288604,1.2835051546391754,19.774167700360582,0.6391752577319587,0.21841162419817162,0.7739130434782608,140.0335383999627
recency_80,2023,20,São Paulo Grand Prix,5,True,80,full,23162,200,206,53.0,0.8322140096704377,1.2736849877157517,0.91,8.54791102522663,0.75,0.1749213361265653,0.8191489361702128,99.58052459999453
recency_80,2024,18,Singapore Grand Prix,5,True,80,full,27101,210,206,55.23809523809524,0.9718544214262449,1.5825053381518073,0.9714285714285714,-0.04383749976050504,0.6904761904761905,0.19512214093101643,0.7688921496698459,84.71242369990796
recency_80,2025,14,Hungarian Grand Prix,5,True,80,full,30894,245,206,49.38775510204081,1.2152842318866064,1.8061274993302832,1.1346938775510205,-7.102387342524658,0.6693877551020408,0.21284098842522553,0.738003199146894,142.2394274000544
recency_80,2026,11,Hungarian Grand Prix,5,True,80,full,35092,254,206,40.94488188976378,0.8617739426819588,1.2675451871452617,1.0236220472440944,15.811314830300942,0.6850393700787402,0.2057561624674607,0.7607051282051283,74.57442830002401
position_current_only,2019,21,Abu Dhabi Grand Prix,5,True,40,current_only,7708,185,198,50.27027027027027,1.0592749803200314,1.6789524999639582,1.0702702702702702,1.0273376973707966,0.6972972972972973,0.18210702811026447,0.8007246376811594,87.08618650003336
position_current_only,2021,3,Portuguese Grand Prix,5,True,40,current_only,11476,225,198,58.22222222222222,0.850023118666418,1.4271096684531779,0.8355555555555556,-1.7314902659276796,0.6622222222222223,0.20660216854859778,0.7278707162579179,72.60292770003434
position_current_only,2022,2,Saudi Arabian Grand Prix,5,True,40,current_only,15497,143,198,52.44755244755245,0.8747803560832842,1.3800958680100932,0.9020979020979021,3.028224093093301,0.6713286713286714,0.20827272120433057,0.77,117.91143820004072
position_current_only,2022,22,Abu Dhabi Grand Prix,5,True,40,current_only,19221,194,198,40.72164948453608,1.024424507414398,1.6415932751640698,1.2835051546391754,20.18539982393847,0.6597938144329897,0.206145742727567,0.8050632911392405,72.93284370005131
position_current_only,2023,20,São Paulo Grand Prix,5,True,40,current_only,23162,200,198,53.0,0.8402350200344404,1.286482215173987,0.91,7.666481314896663,0.735,0.17190479858576388,0.8254716981132076,81.34289999993052
position_current_only,2024,18,Singapore Grand Prix,5,True,40,current_only,27101,210,198,55.23809523809524,0.9809486448770044,1.5826460998752034,0.9714285714285714,-0.9800075608681004,0.6666666666666666,0.19507923196427143,0.7771460014673516,88.00443810003344
position_current_only,2025,14,Hungarian Grand Prix,5,True,40,current_only,30894,245,198,49.38775510204081,1.2356874782311913,1.801509325708169,1.1346938775510205,-8.900515167856781,0.6612244897959184,0.21682798699234912,0.727605971740869,87.96335680002812
position_current_only,2026,11,Hungarian Grand Prix,5,True,40,current_only,35092,254,198,40.94488188976378,0.8662712307573481,1.2689883070508463,1.0236220472440944,15.371964379859063,0.6850393700787402,0.19074665464599952,0.7851923076923076,119.72522509994451
position_prior_lags_only,2019,21,Abu Dhabi Grand Prix,5,True,40,prior_lags_only,7708,185,201,50.27027027027027,1.0444601020488264,1.6920906720309141,1.0702702702702702,2.411556121700555,0.6918918918918919,0.1895461495309201,0.7923094904160823,94.13167520007119
position_prior_lags_only,2021,3,Portuguese Grand Prix,5,True,40,prior_lags_only,11476,225,201,58.22222222222222,0.8565453298641911,1.4188753660696456,0.8355555555555556,-2.512074052895202,0.6711111111111111,0.2142435097838374,0.7136592496345623,137.81957659998443
position_prior_lags_only,2022,2,Saudi Arabian Grand Prix,5,True,40,prior_lags_only,15497,143,201,52.44755244755245,0.9113407435463445,1.419636456487876,0.9020979020979021,-1.0245940520366439,0.6573426573426573,0.21215584132803175,0.748235294117647,128.15746310004033
position_prior_lags_only,2022,22,Abu Dhabi Grand Prix,5,True,40,prior_lags_only,19221,194,201,40.72164948453608,1.0297226290855106,1.6337043520165153,1.2835051546391754,19.772614440727292,0.6855670103092784,0.2119916107356279,0.779746835443038,120.55295760009903
position_prior_lags_only,2023,20,São Paulo Grand Prix,5,True,40,prior_lags_only,23162,200,201,53.0,0.8092814848866632,1.260987079418042,0.91,11.06796869377328,0.765,0.16405371896155366,0.8416298675230831,151.39533620001748
position_prior_lags_only,2024,18,Singapore Grand Prix,5,True,40,prior_lags_only,27101,210,201,55.23809523809524,1.0067251176417216,1.6129263788450257,0.9714285714285714,-3.6334679925301625,0.6952380952380952,0.1899226635176282,0.7994314013206163,123.27570429991465
position_prior_lags_only,2025,14,Hungarian Grand Prix,5,True,40,prior_lags_only,30894,245,201,49.38775510204081,1.2248209213467447,1.8046373306694277,1.1346938775510205,-7.942850981997278,0.6653061224489796,0.214978468032493,0.73287123433751,100.18585410004016
position_prior_lags_only,2026,11,Hungarian Grand Prix,5,True,40,prior_lags_only,35092,254,201,40.94488188976378,0.8808826028449029,1.2824948420324023,1.0236220472440944,13.944545722074862,0.7125984251968503,0.1967446856176077,0.7686538461538462,104.20393049996346
position_none,2019,21,Abu Dhabi Grand Prix,5,True,40,none,7708,185,197,50.27027027027027,1.0065140303982096,1.6647449783148314,1.0702702702702702,5.957022412288489,0.7081081081081081,0.18506477427131843,0.7978027115474521,67.10906510008499
position_none,2021,3,Portuguese Grand Prix,5,True,40,none,11476,225,197,58.22222222222222,0.89392929493009,1.5064338500368346,0.8355555555555556,-6.986218808122466,0.6355555555555555,0.21388467405099507,0.7092739970764983,86.01984339999035
position_none,2022,2,Saudi Arabian Grand Prix,5,True,40,none,15497,143,197,52.44755244755245,0.9687776656947218,1.55887116468588,0.9020979020979021,-7.391632708794743,0.6783216783216783,0.20091945244916903,0.7741176470588235,97.08049269998446
position_none,2022,22,Abu Dhabi Grand Prix,5,True,40,none,19221,194,197,40.72164948453608,1.0513630197994868,1.6516949639496776,1.2835051546391754,18.08657596742955,0.6701030927835051,0.2147519793171846,0.7930654925701706,111.52135599998292
position_none,2023,20,São Paulo Grand Prix,5,True,40,none,23162,200,197,53.0,0.8076160392420223,1.2841446521771467,0.91,11.250984698678872,0.73,0.17805147798933657,0.8118225612203935,117.36762299994007
position_none,2024,18,Singapore Grand Prix,5,True,40,none,27101,210,197,55.23809523809524,0.9615438218789799,1.6157998509396645,0.9714285714285714,1.0175477477520671,0.6857142857142857,0.19525995803331028,0.7762289068231842,97.7585465000011
position_none,2025,14,Hungarian Grand Prix,5,True,40,none,30894,245,197,49.38775510204081,1.2428505885814203,1.7820881335376602,1.1346938775510205,-9.531796475700704,0.6571428571428571,0.21964604750083586,0.7258064516129032,121.20170610002242
position_none,2026,11,Hungarian Grand Prix,5,True,40,none,35092,254,197,40.94488188976378,0.8787463753612998,1.2699265559531587,1.0236220472440944,14.15323871470378,0.6771653543307087,0.2009363492601744,0.7623076923076922,116.10045380005613
horizon_1,2019,21,Abu Dhabi Grand Prix,1,True,40,full,8356,198,206,82.82828282828282,0.2472955566299297,0.46099151241488595,0.24242424242424243,-2.009417109845995,0.8383838383838383,0.1201558423045238,0.797883787661406,65.40764290001243
horizon_1,2021,3,Portuguese Grand Prix,1,True,40,full,12420,239,206,86.19246861924687,0.17168944698976313,0.39666111845647134,0.18410041841004185,6.741414021469577,0.895397489539749,0.08775455274462753,0.8359811709326272,96.67603209998924
horizon_1,2022,2,Saudi Arabian Grand Prix,1,True,40,full,16724,148,206,77.02702702702703,0.3829183538189693,0.8873600436908915,0.43243243243243246,11.450130679363347,0.8175675675675675,0.14476788513551578,0.7567079463364293,150.0190350000048
horizon_1,2022,22,Abu Dhabi Grand Prix,1,True,40,full,20751,212,206,71.69811320754717,0.3300932834155924,0.6596317951711664,0.4716981132075472,30.02022391589441,0.8254716981132075,0.1368965005325971,0.8621710526315789,88.21143809997011
horizon_1,2023,20,São Paulo Grand Prix,1,True,40,full,25005,213,206,84.97652582159625,0.23890565031309297,0.5054098990419784,0.19718309859154928,-21.159294087354297,0.8779342723004695,0.09268062850190412,0.8292472375690608,104.92782320000697
horizon_1,2024,18,Singapore Grand Prix,1,True,40,full,29245,229,206,86.02620087336244,0.22797893153918625,0.4765464726220257,0.18340611353711792,-24.302798386842017,0.8995633187772926,0.07993165365242222,0.8842005076142132,129.30319450004026
horizon_1,2025,14,Hungarian Grand Prix,1,True,40,full,33340,256,206,75.78125,0.30617673173783033,0.5609488039222489,0.3515625,12.90972963901715,0.8125,0.12570419275965292,0.837545726637845,104.58087599999271
horizon_1,2026,11,Hungarian Grand Prix,1,True,40,full,37885,268,206,76.11940298507463,0.28715405248454395,0.4754503192659855,0.29850746268656714,3.803392417677767,0.8097014925373134,0.14007884585140537,0.758578431372549,109.70329529989976
horizon_3,2019,21,Abu Dhabi Grand Prix,3,True,40,full,8000,198,206,59.09090909090909,0.7363461277252652,1.2792311386595308,0.7474747474747475,1.4888288583766882,0.6919191919191919,0.2030559982809852,0.7634272449087263,82.74895919999108
horizon_3,2021,3,Portuguese Grand Prix,3,True,40,full,11921,228,206,66.66666666666666,0.7257339105389928,1.382303549704232,0.7017543859649122,-3.4170822518064843,0.6885964912280702,0.1998950234851765,0.7379674515235457,102.17198390001431
horizon_3,2022,2,Saudi Arabian Grand Prix,3,True,40,full,16049,145,206,62.06896551724138,0.7668018423239479,1.2487135483673495,0.7310344827586207,-4.892704846200415,0.6620689655172414,0.230173627085041,0.7145454545454545,90.37359580001794
horizon_3,2022,22,Abu Dhabi Grand Prix,3,True,40,full,19923,205,206,59.02439024390244,0.5609927829601417,0.952505180311782,0.6780487804878049,17.26365431163379,0.7463414634146341,0.16349650852451716,0.8437622983077527,129.35846729995683
horizon_3,2023,20,São Paulo Grand Prix,3,True,40,full,23946,202,206,59.900990099009896,0.7364022511118442,1.2090523845550887,0.7425742574257426,0.8311635169383124,0.7574257425742574,0.1796172448194197,0.8036935006631977,109.61499209993053
horizon_3,2024,18,Singapore Grand Prix,3,True,40,full,27997,210,206,63.8095238095238,0.6224636526671855,1.155970611407217,0.5714285714285714,-8.93113921675747,0.7333333333333333,0.17757676956467844,0.7939905734485467,97.40856620005798
horizon_3,2025,14,Hungarian Grand Prix,3,True,40,full,31911,256,206,60.15625,0.879243209162085,1.4640338775398611,0.796875,-10.33640271837929,0.73046875,0.174849113585576,0.8085052202699261,97.8118818999501
horizon_3,2026,11,Hungarian Grand Prix,3,True,40,full,36236,268,206,58.2089552238806,0.6334841289277205,1.1114540256447187,0.7089552238805971,10.645396551247845,0.7761194029850746,0.16541141253159716,0.8276671245421245,104.36139559990261
horizon_10,2019,21,Abu Dhabi Grand Prix,10,True,40,full,6947,165,206,34.54545454545455,1.303177008227192,1.9130116626531781,1.606060606060606,18.858790053778602,0.7575757575757576,0.155592025349025,0.8333333333333334,66.19626200001221
horizon_10,2021,3,Portuguese Grand Prix,10,True,40,full,10340,206,206,41.262135922330096,1.3464074653118363,1.9060653797548814,1.3883495145631068,3.0210007502663396,0.6796116504854369,0.2354820597464032,0.6757413709285367,110.86378479993436
horizon_10,2022,2,Saudi Arabian Grand Prix,10,True,40,full,13980,125,206,29.599999999999998,1.3647083573006689,1.8336344158828104,1.608,15.130077282296718,0.824,0.14982392470671557,0.808046683046683,107.21483409998473
horizon_10,2022,22,Abu Dhabi Grand Prix,10,True,40,full,17324,174,206,21.839080459770116,1.5537671057746663,2.143474650352674,1.9367816091954022,19.77582302528429,0.7988505747126436,0.14961848696386645,0.7517414860681114,95.31774570001289
horizon_10,2023,20,São Paulo Grand Prix,10,True,40,full,20881,183,206,38.79781420765027,1.0291727652826534,1.472187154025504,1.289617486338798,20.195501675116287,0.7704918032786885,0.1590494845569383,0.8311116700201208,107.07008710002992
horizon_10,2024,18,Singapore Grand Prix,10,True,40,full,24437,190,206,33.1578947368421,1.393554918875391,2.059153606473319,1.6789473684210525,16.99829636792341,0.7894736842105263,0.16053742240799346,0.7771528558930134,193.86955840000883
horizon_10,2025,14,Hungarian Grand Prix,10,True,40,full,27854,225,206,26.666666666666668,1.666232998451856,2.2515724460236037,1.8933333333333333,11.994735997261126,0.76,0.1583689554530364,0.751010101010101,122.91204700001981
horizon_10,2026,11,Hungarian Grand Prix,10,True,40,full,31638,232,206,21.982758620689655,1.1838433573712621,1.5285316206439494,1.603448275862069,26.168908895125586,0.728448275862069,0.17353097098060735,0.7037157404398224,114.44661789992824
